"","Temperature","","","Dew Point","","","Humidity","","","Speed","","","Pressure","","Precip. Accum."
"Date","High","Avg","Low","High","Avg","Low","High","Avg","Low","High","Avg","Low","High","Low","Sum"
"7/1/2024","22.9 °C","18.6 °C","16.1 °C","16.4 °C","12.8 °C","7.7 °C","96 °%","72 °%","41 °%","16.6 °km/h","4.7 °km/h","0.0 °km/h","997.97 °hPa","993.91 °hPa","0.00 °mm"
"7/2/2024","20.6 °C","16.4 °C","13.6 °C","14.7 °C","12.4 °C","9.7 °C","96 °%","78 °%","51 °%","20.6 °km/h","4.8 °km/h","0.0 °km/h","997.97 °hPa","993.57 °hPa","2.29 °mm"
"7/3/2024","21.2 °C","15.3 °C","12.6 °C","14.8 °C","12.7 °C","10.9 °C","96 °%","85 °%","56 °%","10.1 °km/h","2.2 °km/h","0.0 °km/h","994.58 °hPa","990.52 °hPa","3.05 °mm"
"7/4/2024","25.7 °C","18.1 °C","13.2 °C","16.1 °C","12.9 °C","10.2 °C","96 °%","75 °%","41 °%","22.4 °km/h","6.3 °km/h","0.0 °km/h","993.23 °hPa","988.49 °hPa","0.51 °mm"
"7/5/2024","27.3 °C","18.8 °C","11.8 °C","14.3 °C","11.2 °C","8.5 °C","91 °%","63 °%","39 °%","21.2 °km/h","5.2 °km/h","0.0 °km/h","995.26 °hPa","990.18 °hPa","0.00 °mm"
"7/6/2024","27.6 °C","19.6 °C","12.9 °C","17.8 °C","14.5 °C","11.4 °C","96 °%","74 °%","52 °%","29.9 °km/h","6.0 °km/h","0.0 °km/h","991.87 °hPa","984.42 °hPa","0.00 °mm"
"7/7/2024","25.8 °C","18.3 °C","9.0 °C","11.8 °C","8.9 °C","4.7 °C","96 °%","60 °%","28 °%","18.7 °km/h","2.8 °km/h","0.0 °km/h","996.61 °hPa","991.87 °hPa","0.51 °mm"
"7/8/2024","29.8 °C","20.7 °C","9.4 °C","12.8 °C","10.4 °C","7.9 °C","95 °%","57 °%","27 °%","16.3 °km/h","2.1 °km/h","0.0 °km/h","999.32 °hPa","996.28 °hPa","0.00 °mm"
"7/9/2024","36.3 °C","26.2 °C","15.1 °C","18.7 °C","15.1 °C","11.8 °C","86 °%","54 °%","27 °%","15.4 °km/h","3.1 °km/h","0.0 °km/h","997.97 °hPa","991.87 °hPa","0.00 °mm"
"7/10/2024","30.2 °C","23.7 °C","19.8 °C","21.1 °C","18.8 °C","17.1 °C","96 °%","75 °%","51 °%","21.9 °km/h","4.0 °km/h","0.0 °km/h","997.63 °hPa","992.55 °hPa","4.32 °mm"
"7/11/2024","31.4 °C","24.0 °C","19.1 °C","21.6 °C","17.2 °C","13.3 °C","98 °%","70 °%","37 °%","17.7 °km/h","3.1 °km/h","0.0 °km/h","998.31 °hPa","995.26 °hPa","3.05 °mm"
"7/12/2024","29.3 °C","22.4 °C","16.8 °C","20.4 °C","16.1 °C","11.9 °C","95 °%","70 °%","42 °%","27.7 °km/h","6.6 °km/h","0.0 °km/h","995.60 °hPa","989.16 °hPa","2.79 °mm"
"7/13/2024","26.3 °C","19.6 °C","13.5 °C","12.8 °C","11.1 °C","8.8 °C","85 °%","60 °%","36 °%","19.8 °km/h","4.5 °km/h","0.0 °km/h","994.92 °hPa","993.57 °hPa","0.00 °mm"
"7/14/2024","28.0 °C","20.9 °C","12.9 °C","14.1 °C","12.0 °C","8.5 °C","91 °%","60 °%","33 °%","15.4 °km/h","2.5 °km/h","0.0 °km/h","995.26 °hPa","993.23 °hPa","0.00 °mm"
"7/15/2024","35.4 °C","23.4 °C","12.4 °C","18.5 °C","14.3 °C","11.4 °C","94 °%","62 °%","29 °%","30.3 °km/h","2.4 °km/h","0.0 °km/h","994.92 °hPa","988.15 °hPa","5.08 °mm"
"7/16/2024","26.3 °C","21.3 °C","16.2 °C","18.5 °C","15.6 °C","11.6 °C","97 °%","73 °%","43 °%","30.6 °km/h","6.6 °km/h","0.0 °km/h","998.31 °hPa","991.20 °hPa","0.00 °mm"
"7/17/2024","30.4 °C","21.8 °C","15.3 °C","15.1 °C","13.8 °C","11.8 °C","93 °%","63 °%","35 °%","14.3 °km/h","3.3 °km/h","0.0 °km/h","1,003.05 °hPa","997.97 °hPa","0.00 °mm"
"7/18/2024","31.6 °C","22.9 °C","15.7 °C","16.1 °C","14.0 °C","11.7 °C","88 °%","61 °%","31 °%","15.4 °km/h","3.5 °km/h","0.0 °km/h","1,003.73 °hPa","1,000.68 °hPa","0.00 °mm"
"7/19/2024","34.6 °C","25.1 °C","17.1 °C","17.3 °C","15.2 °C","13.4 °C","81 °%","56 °%","34 °%","18.0 °km/h","3.5 °km/h","0.0 °km/h","1,002.03 °hPa","995.60 °hPa","0.00 °mm"
"7/20/2024","37.4 °C","27.5 °C","18.4 °C","19.1 °C","16.7 °C","14.3 °C","85 °%","56 °%","28 °%","24.5 °km/h","2.5 °km/h","0.0 °km/h","995.94 °hPa","987.47 °hPa","0.00 °mm"
"7/21/2024","32.6 °C","25.6 °C","20.2 °C","19.8 °C","17.7 °C","14.4 °C","87 °%","64 °%","37 °%","17.2 °km/h","3.9 °km/h","0.0 °km/h","992.89 °hPa","986.79 °hPa","0.00 °mm"
"7/22/2024","30.7 °C","24.0 °C","19.6 °C","19.3 °C","16.6 °C","12.1 °C","95 °%","66 °%","38 °%","14.8 °km/h","3.6 °km/h","0.0 °km/h","1,000.00 °hPa","992.55 °hPa","0.51 °mm"
"7/23/2024","27.7 °C","21.1 °C","15.0 °C","20.2 °C","15.5 °C","12.3 °C","92 °%","72 °%","45 °%","23.8 °km/h","4.8 °km/h","0.0 °km/h","1,000.34 °hPa","996.95 °hPa","2.79 °mm"
"7/24/2024","27.6 °C","20.9 °C","14.9 °C","15.0 °C","12.9 °C","10.6 °C","92 °%","63 °%","36 °%","16.3 °km/h","3.3 °km/h","0.0 °km/h","1,001.69 °hPa","998.31 °hPa","0.00 °mm"
"7/25/2024","30.1 °C","21.5 °C","12.1 °C","15.6 °C","12.8 °C","10.9 °C","94 °%","62 °%","32 °%","13.4 °km/h","2.1 °km/h","0.0 °km/h","999.66 °hPa","992.55 °hPa","0.00 °mm"
"7/26/2024","26.7 °C","20.3 °C","16.4 °C","20.0 °C","17.4 °C","14.4 °C","93 °%","84 °%","64 °%","11.1 °km/h","2.0 °km/h","0.0 °km/h","994.58 °hPa","991.20 °hPa","1.52 °mm"
"7/27/2024","25.8 °C","20.7 °C","18.2 °C","21.4 °C","19.4 °C","17.7 °C","97 °%","93 °%","70 °%","9.7 °km/h","2.1 °km/h","0.0 °km/h","996.95 °hPa","993.23 °hPa","10.16 °mm"
"7/28/2024","28.4 °C","20.9 °C","15.4 °C","18.6 °C","14.2 °C","11.5 °C","96 °%","69 °%","37 °%","12.6 °km/h","2.8 °km/h","0.0 °km/h","1,006.77 °hPa","996.61 °hPa","0.00 °mm"
"7/29/2024","30.7 °C","21.4 °C","13.3 °C","15.1 °C","13.1 °C","10.8 °C","95 °%","64 °%","33 °%","23.0 °km/h","3.3 °km/h","0.0 °km/h","1,005.76 °hPa","1,000.34 °hPa","0.00 °mm"
"7/30/2024","37.3 °C","25.5 °C","16.4 °C","19.1 °C","15.3 °C","13.2 °C","83 °%","57 °%","29 °%","14.3 °km/h","3.0 °km/h","0.0 °km/h","1,000.68 °hPa","994.92 °hPa","0.00 °mm"
"7/31/2024","35.6 °C","26.5 °C","18.3 °C","19.3 °C","17.5 °C","16.3 °C","90 °%","61 °%","34 °%","14.3 °km/h","2.4 °km/h","0.0 °km/h","995.60 °hPa","992.21 °hPa","0.00 °mm"